<?xml version="1.0"?>
<doc>
    <assembly>
        <name>Microsoft.Bot.Builder.CognitiveServices.QnAMaker</name>
    </assembly>
    <members>
        <member name="T:Microsoft.Bot.Builder.CognitiveServices.QnAMaker.QnAMakerDialog">
            <summary>
            A dialog specialized to handle QnA response from QnA Maker.
            </summary>
        </member>
        <member name="M:Microsoft.Bot.Builder.CognitiveServices.QnAMaker.QnAMakerDialog.#ctor(Microsoft.Bot.Builder.CognitiveServices.QnAMaker.IQnAService[])">
            <summary>
            Construct the QnA Service dialog.
            </summary>
            <param name="services">The QnA service.</param>
        </member>
        <member name="T:Microsoft.Bot.Builder.CognitiveServices.QnAMaker.QnAMakerScorable">
            <summary>
            A scorable specialized to handle QnA response from QnA Maker.
            </summary>
        </member>
        <member name="M:Microsoft.Bot.Builder.CognitiveServices.QnAMaker.QnAMakerScorable.#ctor(Microsoft.Bot.Builder.CognitiveServices.QnAMaker.QnAMakerServiceScorable,Microsoft.Bot.Builder.Internals.Fibers.ITraits{System.Double})">
            <summary>
            Construct the QnA Scorable.
            </summary>
        </member>
        <member name="T:Microsoft.Bot.Builder.CognitiveServices.QnAMaker.QnAMakerServiceScorable">
            <summary>
            A scorable specialized to handle QnA response from QnA Maker service.
            </summary>
        </member>
        <member name="M:Microsoft.Bot.Builder.CognitiveServices.QnAMaker.QnAMakerServiceScorable.#ctor(Microsoft.Bot.Builder.CognitiveServices.QnAMaker.IQnAService,Microsoft.Bot.Builder.Dialogs.Internals.IBotToUser)">
            <summary>
            Construct the QnA Scorable.
            </summary>
        </member>
        <member name="T:Microsoft.Bot.Builder.CognitiveServices.QnAMaker.QnAMakerAttribute">
            <summary>
            The QnA Knowledgebase information.
            </summary>
        </member>
        <member name="F:Microsoft.Bot.Builder.CognitiveServices.QnAMaker.QnAMakerAttribute.SubscriptionKey">
            <summary>
            The Subscription Key to access the QnA Knowledge Base.
            </summary>
        </member>
        <member name="F:Microsoft.Bot.Builder.CognitiveServices.QnAMaker.QnAMakerAttribute.KnowledgebaseId">
            <summary>
            The QnA Knowledgebase ID.
            </summary>
        </member>
        <member name="F:Microsoft.Bot.Builder.CognitiveServices.QnAMaker.QnAMakerAttribute.DefaultMessage">
            <summary>
            The default message returned when no match found.
            </summary>
        </member>
        <member name="F:Microsoft.Bot.Builder.CognitiveServices.QnAMaker.QnAMakerAttribute.ScoreThreshold">
            <summary>
            The threshold for answer score.
            </summary>
        </member>
        <member name="F:Microsoft.Bot.Builder.CognitiveServices.QnAMaker.QnAMakerAttribute.Top">
            <summary>
            Maximum number of answers.
            </summary>
        </member>
        <member name="M:Microsoft.Bot.Builder.CognitiveServices.QnAMaker.QnAMakerAttribute.#ctor(System.String,System.String,System.String,System.Double,System.Int32)">
            <summary>
            Construct the QnA Knowledgebase information.
            </summary>
            <param name="knowledgebaseId">The QnA Knowledgebase ID.</param>
            <param name="defaultMessage">The default message returned when no match found.</param>
            <param name="scoreThreshold">The threshold for answer score.</param>
            <param name="top">The number of answers to return.</param>
        </member>
        <member name="P:Microsoft.Bot.Builder.CognitiveServices.QnAMaker.QnAMakerResults.ServiceCfg">
            <summary>
            Internal member with instance used to configure the service that returned this result.
            </summary>
        </member>
        <member name="M:Microsoft.Bot.Builder.CognitiveServices.QnAMaker.QnAMakerResult.#ctor">
            <summary>
            Initializes a new instance of the QnAResult class.
            </summary>
        </member>
        <member name="M:Microsoft.Bot.Builder.CognitiveServices.QnAMaker.QnAMakerResult.#ctor(System.String,System.Collections.Generic.List{System.String},System.Double)">
            <summary>
            Initializes a new instance of the QnAResult class.
            </summary>
        </member>
        <member name="P:Microsoft.Bot.Builder.CognitiveServices.QnAMaker.QnAMakerResult.Questions">
            <summary>
            The list of questions indexed in the QnA Service for the given answer.
            </summary>
        </member>
        <member name="P:Microsoft.Bot.Builder.CognitiveServices.QnAMaker.QnAMakerResult.Answer">
            <summary>
            The top answer found in the QnA Service.
            </summary>
        </member>
        <member name="P:Microsoft.Bot.Builder.CognitiveServices.QnAMaker.QnAMakerResult.Score">
            <summary>
            The score in range [0, 100] corresponding to the top answer found in the QnA Service.
            </summary>
        </member>
        <member name="M:Microsoft.Bot.Builder.CognitiveServices.QnAMaker.IQnAService.BuildRequest(System.String,Microsoft.Bot.Builder.CognitiveServices.QnAMaker.QnAMakerRequestBody@,System.String@)">
            <summary>
            Build the query uri for the query text.
            </summary>
            <param name="queryText">The query text.</param>
            <returns>The query uri</returns>
        </member>
        <member name="M:Microsoft.Bot.Builder.CognitiveServices.QnAMaker.IQnAService.BuildFeedbackRequest(System.String,System.String,System.String,System.String,Microsoft.Bot.Builder.CognitiveServices.QnAMaker.QnAMakerTrainingRequestBody@,System.String@,System.String@)">
            <summary>
            Build the feedback request uri for the query text and the selected QnA.
            </summary>
            <param name="userId">An unique ID for every user.</param>
            <param name="userQuery">The original user query.</param>
            <param name="kbQuestion">The question from the knowledgebase which corresponds to the selected answer.</param>
            <param name="kbAnswer">The selected answer.</param>
            <returns>The query uri</returns>
        </member>
        <member name="M:Microsoft.Bot.Builder.CognitiveServices.QnAMaker.IQnAService.QueryServiceAsync(System.Uri,Microsoft.Bot.Builder.CognitiveServices.QnAMaker.QnAMakerRequestBody,System.String)">
            <summary>
            Query the QnA service using this uri.
            </summary>
            <param name="uri">The query uri</param>
            <returns>The QnA service results.</returns>
        </member>
        <member name="M:Microsoft.Bot.Builder.CognitiveServices.QnAMaker.IQnAService.ActiveLearnAsync(System.Uri,Microsoft.Bot.Builder.CognitiveServices.QnAMaker.QnAMakerTrainingRequestBody,System.String)">
            <summary>
            Sends the feedback entry the QnA service.
            </summary>
            <param name="uri">The train uri to record the feedback entry</param>
            <returns>A boolean indicating success/failure.</returns>
        </member>
        <member name="T:Microsoft.Bot.Builder.CognitiveServices.QnAMaker.QnAMakerService">
            <summary>
            Standard implementation of IQnAService
            </summary>
        </member>
        <member name="F:Microsoft.Bot.Builder.CognitiveServices.QnAMaker.QnAMakerService.UriBase">
            <summary>
            The base URI for accessing QnA Service.
            </summary>
        </member>
        <member name="M:Microsoft.Bot.Builder.CognitiveServices.QnAMaker.QnAMakerService.#ctor(Microsoft.Bot.Builder.CognitiveServices.QnAMaker.QnAMakerAttribute)">
            <summary>
            Construct the QnA service using the qnaInfo information.
            </summary>
            <param name="qnaInfo">The QnA knowledgebase information.</param>
        </member>
        <member name="T:Microsoft.Bot.Builder.CognitiveServices.QnAMaker.Extensions">
            <summary>
            QnA Service extension methods.
            </summary>
        </member>
        <member name="M:Microsoft.Bot.Builder.CognitiveServices.QnAMaker.Extensions.QueryServiceAsync(Microsoft.Bot.Builder.CognitiveServices.QnAMaker.IQnAService,System.String)">
            <summary>
            Query the QnA service using this text.
            </summary>
            <param name="service">QnA service.</param>
            <param name="text">The query text.</param>
            <returns>The QnA result.</returns>
        </member>
        <member name="T:Microsoft.Bot.Builder.CognitiveServices.QnAMaker.Resource.Resource">
            <summary>
              A strongly-typed resource class, for looking up localized strings, etc.
            </summary>
        </member>
        <member name="P:Microsoft.Bot.Builder.CognitiveServices.QnAMaker.Resource.Resource.ResourceManager">
            <summary>
              Returns the cached ResourceManager instance used by this class.
            </summary>
        </member>
        <member name="P:Microsoft.Bot.Builder.CognitiveServices.QnAMaker.Resource.Resource.Culture">
            <summary>
              Overrides the current thread's CurrentUICulture property for all
              resource lookups using this strongly typed resource class.
            </summary>
        </member>
        <member name="P:Microsoft.Bot.Builder.CognitiveServices.QnAMaker.Resource.Resource.answerSelectionPrompt">
            <summary>
              Looks up a localized string similar to Did you mean:.
            </summary>
        </member>
        <member name="P:Microsoft.Bot.Builder.CognitiveServices.QnAMaker.Resource.Resource.defaultMessage">
            <summary>
              Looks up a localized string similar to No match found!.
            </summary>
        </member>
        <member name="P:Microsoft.Bot.Builder.CognitiveServices.QnAMaker.Resource.Resource.noneOfTheAboveOption">
            <summary>
              Looks up a localized string similar to None of the above..
            </summary>
        </member>
        <member name="P:Microsoft.Bot.Builder.CognitiveServices.QnAMaker.Resource.Resource.tooManyAttempts">
            <summary>
              Looks up a localized string similar to Sorry! Not able to match any of the options..
            </summary>
        </member>
    </members>
</doc>
